tool		Theta 6.17.6	Theta 6.17.6	Theta 6.17.6	Theta 6.17.6	Theta 6.17.6	Theta 6.17.6	Theta 6.17.6	Theta 6.17.6	Theta 6.17.6	Theta 6.17.6
run set		ExplToPredCart.SV-COMP25_unreach-call	ExplToPredCart.SV-COMP25_unreach-call	ExplToPredCart.SV-COMP25_unreach-call	ExplToPredCart.SV-COMP25_unreach-call	ExplToPredCart.SV-COMP25_unreach-call	basePredCart.SV-COMP25_unreach-call	basePredCart.SV-COMP25_unreach-call	basePredCart.SV-COMP25_unreach-call	basePredCart.SV-COMP25_unreach-call	basePredCart.SV-COMP25_unreach-call
sv-benchmarks/c/		status	cputime (s)	walltime (s)	memory (MB)	host	status	cputime (s)	walltime (s)	memory (MB)	host
locks/test_locks_9.yml	true	true	495.903356337	464.28124157000275	1356.759040	cloud-23938	TIMEOUT	990.325105831	969.0894738859788	694.935552	cloud-23980
loops/count_up_down-1.yml	true	TIMEOUT	990.893455681	909.2205902709975	867.135488	cloud-23933	ERROR (solver error, after parsing finished)	394.068207981	325.8499470749812	2083.819520	cloud-23933
loops/heavy-1.yml	false	false(unreach-call)	39.856158956	24.970676340002683	777.936896	cloud-23933	TIMEOUT	990.275272719	974.4223934249894	776.228864	cloud-23980
loops/insertion_sort-1-2.yml	false	TIMEOUT	990.365834362	953.0255136380001	992.743424	cloud-23980	ERROR (verification stuck, after parsing finished)	69.732121076	57.79438087402377	708.661248	cloud-23980
loops/invert_string-1.yml	false	TIMEOUT	990.387349141	963.2725453500025	1040.490496	cloud-23979	false(unreach-call)	24.713773673	14.209110682975734	563.744768	cloud-23980
loops/invert_string-3.yml	true	true	139.254695936	112.52417307200085	1114.529792	cloud-23938	TIMEOUT	991.977416434	607.7758598969958	2093.719552	cloud-23979
loops/n.c40.yml	true	TIMEOUT	990.785856181	924.9101279070019	1598.107648	cloud-23933	true	24.254130188	13.619090173015138	967.852032	cloud-23980
loops/nec40.yml	true	TIMEOUT	991.048031323	921.5047920930083	1667.670016	cloud-23982	true	27.285368824	15.504327639006078	895.557632	cloud-23982
loops/string-1.yml	true	TIMEOUT	990.475874802	964.0779647099989	691.118080	cloud-23980	true	23.118928261	12.852506787981838	588.500992	cloud-23982
loops/string-2.yml	false	TIMEOUT	990.782381864	930.5395711760066	717.582336	cloud-23933	ERROR (server error, after parsing finished)	20.059339818	12.310886676015798	587.104256	cloud-23982
loops/sum01-2.yml	true	TIMEOUT	990.376590413	869.7563128600013	874.622976	cloud-23982	true	21.215755045	11.715946031006752	598.855680	cloud-23933
loops/sum01_bug02.yml	false	TIMEOUT	991.480889727	877.9393488529895	863.653888	cloud-23979	false(unreach-call)	22.47096575	12.467465680994792	610.340864	cloud-23980
loops/sum03-1.yml	false	false(unreach-call)	45.932630075	35.6666844279971	580.927488	cloud-23980	TIMEOUT	990.225476379	977.2650204360252	582.828032	cloud-23980
loops/sum03-2.yml	true	TIMEOUT	992.200873129	508.6962659569981	2100.248576	cloud-23980	ERROR (server error, after parsing finished)	29.231305031	19.795531527983258	582.422528	cloud-23979
loops/trex01-2.yml	true	TIMEOUT	990.341371947	964.4014353359962	645.218304	cloud-23938	true	17.030691481	9.292939153005136	634.662912	cloud-23980
loop-acceleration/diamond_1-1.yml	true	TIMEOUT	991.687820363	665.233478078997	2092.544000	cloud-23980	true	33.683715069	22.00824268301949	660.635648	cloud-23938
loop-acceleration/diamond_1-2.yml	false	TIMEOUT	991.377133992	590.919315378007	2053.668864	cloud-23938	false(unreach-call)	777.111748868	747.4864500759868	1161.805824	cloud-23982
loop-acceleration/diamond_2-2.yml	true	ERROR (server error, after parsing finished)	651.697677017	343.26960363201215	2085.568512	cloud-23980	true	751.543756076	539.748009130999	2311.417856	cloud-23938
loop-acceleration/functions_1-1.yml	true	TIMEOUT	990.872313165	876.7537994780141	847.478784	cloud-23982	ERROR (solver error, after parsing finished)	91.693820825	79.11663735599723	605.732864	cloud-23980
loop-acceleration/functions_1-2.yml	false	TIMEOUT	990.32329436	971.8553883179993	797.065216	cloud-23980	ERROR (server error, after parsing finished)	27.066103084	16.47989615498227	586.600448	cloud-23979
loop-acceleration/overflow_1-1.yml	true	TIMEOUT	990.657576625	887.4871996280126	788.533248	cloud-23933	true	24.017900171	13.400416354998015	586.579968	cloud-23938
loop-acceleration/phases_1-1.yml	true	TIMEOUT	991.479423117	873.5467284089973	815.538176	cloud-23938	true	35.614195422	27.210715042980155	583.942144	cloud-23980
loop-acceleration/simple_3-2.yml	true	TIMEOUT	990.279495334	971.5623689269996	662.204416	cloud-23980	true	17.193286296	9.42656548001105	592.470016	cloud-23980
loop-acceleration/simple_4-2.yml	true	TIMEOUT	990.812415172	886.7122132710065	803.885056	cloud-23982	true	17.957645956	9.93479627900524	550.916096	cloud-23980
loop-acceleration/underapprox_1-1.yml	false	false(unreach-call)	21.61456526	12.33855966500414	593.575936	cloud-23979	ERROR (server error, after parsing finished)	20.638469684	12.690159774996573	537.403392	cloud-23979
loop-acceleration/underapprox_1-2.yml	true	true	18.277947651	10.671238751005149	588.705792	cloud-23942	ERROR (server error, after parsing finished)	41.70143026	32.002715785987675	543.784960	cloud-23982
loop-acceleration/underapprox_2-1.yml	false	false(unreach-call)	24.154553316	13.730229100998258	598.413312	cloud-23982	TIMEOUT	990.298974636	977.2429136569845	616.300544	cloud-23933
loop-crafted/simple_array_index_value_3.yml	true	TIMEOUT	990.540747976	957.8948626309866	1428.807680	cloud-23980	ERROR (server error, after parsing finished)	25.669698412	16.13053340400802	589.770752	cloud-23982
loop-crafted/simple_array_index_value_4.yml	true	TIMEOUT	990.422924744	959.883766273997	1146.400768	cloud-23938	ERROR (server error, after parsing finished)	24.63398172	14.293314258975442	585.404416	cloud-23933
loop-crafted/simple_vardep_1.yml	true	TIMEOUT	990.264738588	971.2140664129984	613.421056	cloud-23933	ERROR (server error, after parsing finished)	82.222331982	44.30544474298949	1678.503936	cloud-23979
loop-crafted/simple_vardep_2.yml	true	TIMEOUT	990.275283947	971.7792880810011	647.081984	cloud-23982	true	204.885591999	192.7022919699957	593.408000	cloud-23938
loop-invgen/NetBSD_loop.yml	true	TIMEOUT	990.307384328	966.1407174339984	823.554048	cloud-23979	true	19.590225906	10.685876723000547	582.430720	cloud-23980
loop-invgen/SpamAssassin-loop.i.v+cfa-reducer.yml	true	TIMEOUT	990.317514607	966.5065435540018	650.268672	cloud-23933	true	31.801219946	17.885340262000682	648.323072	cloud-23933
loop-invgen/SpamAssassin-loop.yml	true	TIMEOUT	990.331105752	965.4137410960102	680.878080	cloud-23982	true	33.349151067	17.878701337001985	602.066944	cloud-23938
loop-invgen/apache-get-tag.i.p+lhb-reducer.yml	true	TIMEOUT	990.649986932	949.049055853	739.291136	cloud-23933	true	77.949955065	58.89606184398872	662.818816	cloud-23933
loop-invgen/apache-get-tag.i.p+sep-reducer.yml	true	TIMEOUT	990.510286202	943.7279152859992	1460.125696	cloud-23938	true	732.949665528	682.8044434910116	1934.753792	cloud-23938
loop-invgen/apache-get-tag.yml	true	TIMEOUT	990.460087396	960.5729613089934	682.213376	cloud-23982	true	26.760321518	14.765274641977157	612.978688	cloud-23938
loop-invgen/id_build.i.p+nlh-reducer.yml	true	TIMEOUT	990.332770336	962.5942522330006	850.145280	cloud-23979	true	72.222910626	54.126170142000774	892.116992	cloud-23933
loop-invgen/id_build.i.p+sep-reducer.yml	true	TIMEOUT	990.613223882	954.230683893009	817.373184	cloud-23933	true	62.186552703	47.55979516700609	789.381120	cloud-23933
loop-invgen/id_build.i.v+lhb-reducer.yml	true	TIMEOUT	990.260219988	968.1676082440099	648.265728	cloud-23982	true	17.796367911	10.100300667982083	517.570560	cloud-23940
loop-invgen/id_build.yml	true	TIMEOUT	990.274183092	972.3443554489932	656.007168	cloud-23980	true	22.772649481	12.538284606009256	601.489408	cloud-23938
loop-invgen/id_trans.yml	false	TIMEOUT	990.276992739	971.230755350989	693.264384	cloud-23980	false(unreach-call)	24.010774952	12.979306987981545	669.708288	cloud-23933
loop-invgen/nested9.yml	true	TIMEOUT	990.319418404	968.3155198589957	1081.913344	cloud-23980	true	26.606164812	14.3202221620013	592.056320	cloud-23982
loop-invgen/sendmail-close-angle.yml	true	TIMEOUT	990.322745411	968.1836942779919	656.093184	cloud-23979	true	27.743507965	15.602177683002083	641.495040	cloud-23980
loop-lit/bh2017-ex-add.yml	true	TIMEOUT	990.278454451	969.335223061993	656.375808	cloud-23979	true	24.273481233	13.373248639021767	578.498560	cloud-23938
loop-lit/bh2017-ex3.yml	true	TIMEOUT	990.30419105	969.799016518009	665.952256	cloud-23979	true	22.537912134	12.26000179600669	551.202816	cloud-23933
loop-lit/bhmr2007.yml	true	TIMEOUT	990.986551994	904.1795774140046	805.191680	cloud-23938	true	24.555161617	13.604501671012258	566.067200	cloud-23933
loop-lit/css2003.yml	true	TIMEOUT	990.455035717	962.0147002760059	1006.231552	cloud-23933	true	18.916569854	10.596089853002923	575.373312	cloud-23980
loop-lit/gj2007b.yml	true	TIMEOUT	991.245106786	883.8254532699939	898.498560	cloud-23979	true	20.088730451	10.933429314987734	574.210048	cloud-23979
loop-lit/hh2012-ex1b.yml	true	TIMEOUT	990.336755977	971.1888547510025	625.541120	cloud-23938	true	20.653860894	11.400514853012282	582.995968	cloud-23938
loop-lit/jm2006_variant.yml	true	TIMEOUT	991.742506918	896.8732230210007	912.912384	cloud-23938	true	20.201438783	10.97244340000907	597.540864	cloud-23979
loop-new/count_by_1_variant.yml	true	TIMEOUT	990.256877362	973.6999259269942	614.858752	cloud-23982	true	18.739077578	10.15575532199	589.119488	cloud-23979
loop-new/gauss_sum.i.p+lhb-reducer.yml	true	TIMEOUT	990.260388986	974.2707731140108	643.506176	cloud-23982	ERROR (solver error, after parsing finished)	21.973739574	11.955908424017252	549.777408	cloud-23982
loop-new/half.yml	true	TIMEOUT	991.066464596	860.0486485169968	979.542016	cloud-23980	true	19.954844845	11.109921055991435	552.652800	cloud-23980
loops-crafted-1/Mono3_1.yml	false	TIMEOUT	990.661917192	930.3684753130074	874.528768	cloud-23980	ERROR (server error, after parsing finished)	53.84923111	45.369805099006044	590.204928	cloud-23980
loops-crafted-1/iftelse.yml	true	TIMEOUT	990.287640971	966.8984948160069	736.780288	cloud-23982	true	309.524829478	293.6223630759923	739.745792	cloud-23982
loops-crafted-1/in-de20.yml	true	ERROR (server error, after parsing finished)	260.966013873	243.60881021599926	688.906240	cloud-23933	TIMEOUT	990.232267951	976.3135782329773	610.172928	cloud-23982
loops-crafted-1/in-de51.yml	true	TIMEOUT	990.421404006	964.764628873003	1418.457088	cloud-23979	TIMEOUT (ERROR (out of memory, after parsing finished))	918.502656861	474.7355059349793	2086.141952	cloud-23938
loops-crafted-1/loopv1.yml	true	TIMEOUT	990.324742449	966.540495327994	707.682304	cloud-23933	true	18.096546171	9.915785863006022	595.664896	cloud-23979
loops-crafted-1/loopv2.yml	true	TIMEOUT	991.340169479	852.385634819002	907.747328	cloud-23980	true	24.273953935	13.174085153004853	615.227392	cloud-23938
loops-crafted-1/mono-crafted_11.yml	true	TIMEOUT	990.854350207	887.536092254988	800.849920	cloud-23938	true	25.868726868	14.488559474004433	565.600256	cloud-23938
loops-crafted-1/mono-crafted_12.yml	true	TIMEOUT	991.326062429	876.8227695050009	884.797440	cloud-23938	true	24.225323551	13.566803027992137	553.512960	cloud-23938
loops-crafted-1/nested3-1_abstracted.yml	true	TIMEOUT	990.318111695	973.7674591800023	634.052608	cloud-23933	ERROR (server error, after parsing finished)	23.507528419	13.359910547995241	606.842880	cloud-23980
loops-crafted-1/nested5-1.yml	true	true	19.573812223	10.911416082002688	597.594112	cloud-23980	ERROR (solver error, after parsing finished)	26.062189008	16.3185878660006	594.952192	cloud-23938
loops-crafted-1/sumt2.yml	true	TIMEOUT	990.217246178	973.8202940589981	620.027904	cloud-23982	true	18.955010022	10.491690708004171	526.913536	cloud-23979
loops-crafted-1/sumt3.yml	true	TIMEOUT	990.301137304	970.5837406870123	617.566208	cloud-23979	true	26.839993555	15.297420990013052	559.792128	cloud-23982
loops-crafted-1/sumt4.yml	true	TIMEOUT	990.255996304	974.1217305129976	619.761664	cloud-23982	true	29.306127836	17.853741797007388	518.463488	cloud-23938
loops-crafted-1/sumt5.yml	true	TIMEOUT	990.248760851	971.2251258619945	651.165696	cloud-23982	true	28.196503908	20.23221661700518	523.616256	cloud-23979
loops-crafted-1/sumt6.yml	true	TIMEOUT	990.27829593	968.9233371700102	662.388736	cloud-23982	true	29.458400618	17.83231534299557	517.959680	cloud-23938
loops-crafted-1/sumt8.yml	true	TIMEOUT	990.355237614	968.475955129994	665.079808	cloud-23982	ERROR (server error, after parsing finished)	25.083272304	14.654605384013848	587.993088	cloud-23933
loop-invariants/bin-suffix-5.yml	true	TIMEOUT	990.319664296	967.1296963159984	672.899072	cloud-23933	true	19.368674121	10.880525009008124	600.420352	cloud-23979
loop-invariants/even.yml	true	TIMEOUT	990.325043064	966.1348768039898	650.637312	cloud-23938	true	20.371486754	11.391569522995269	566.857728	cloud-23980
loop-invariants/mod4.yml	true	TIMEOUT	990.337403158	967.4904086629977	671.084544	cloud-23979	true	21.425851084	11.9935301229998	574.738432	cloud-23982
loop-invariants/odd.yml	true	TIMEOUT	990.455485284	967.8559433949995	618.766336	cloud-23979	true	23.606069504	13.205812224012334	603.770880	cloud-23938
loop-simple/nested_4.yml	true	true	46.583781285	33.65599532298802	670.396416	cloud-23938	TIMEOUT	990.428103785	964.2492134829808	790.712320	cloud-23979
loop-zilu/benchmark17_conjunctive.yml	true	TIMEOUT	990.349127958	965.1192053020059	643.178496	cloud-23979	true	21.97165421	12.31779102399014	531.787776	cloud-23938
loop-zilu/benchmark20_conjunctive.yml	true	TIMEOUT	990.321324553	968.7437955789937	683.696128	cloud-23979	true	22.55118044	11.987373084994033	565.456896	cloud-23982
nla-digbench/bresenham-ll.yml	true	TIMEOUT	990.222712306	866.0808018859971	903.417856	cloud-23938	ERROR (solver error, after parsing finished)	23.550423009	12.78305077101686	638.427136	cloud-23979
nla-digbench/cohencu-ll.yml	true	TIMEOUT	990.371767142	961.8696907299891	732.016640	cloud-23933	ERROR (solver error, after parsing finished)	135.913236787	124.42300124201574	693.149696	cloud-23980
nla-digbench/divbin.yml	false	TIMEOUT	990.264913693	975.9933826900087	638.709760	cloud-23979	ERROR (solver error, after parsing finished)	837.110549239	824.2927134339989	612.024320	cloud-23982
nla-digbench/divbin2.yml	true	TIMEOUT	990.24344365	972.5023092899937	660.434944	cloud-23980	ERROR (solver error, after parsing finished)	31.143845378	19.85719035801594	598.241280	cloud-23982
nla-digbench/egcd3-ll.yml	true	ERROR (server error, after parsing finished)	31.065746667	16.680277453997405	668.782592	cloud-23933	ERROR (solver error, after parsing finished)	24.253887288	14.182536390988389	593.444864	cloud-23933
nla-digbench/geo1-ll.yml	true	TIMEOUT	990.291630066	975.9807644599932	619.991040	cloud-23938	ERROR (solver error, after parsing finished)	26.693317161	14.747720836021472	596.779008	cloud-23982
nla-digbench/geo1-u.yml	false	TIMEOUT	990.24893429	977.4256278019893	580.734976	cloud-23982	ERROR (solver error, after parsing finished)	20.63279655	11.264781448000576	588.402688	cloud-23980
nla-digbench/geo2-ll.yml	true	TIMEOUT	990.249108292	978.5093628069881	601.489408	cloud-23982	ERROR (solver error, after parsing finished)	26.059541266	15.654712240007939	589.131776	cloud-23938
nla-digbench/mannadiv.yml	true	TIMEOUT	990.970580195	917.2767306980095	804.995072	cloud-23938	true	23.573323882	12.811831712024286	667.295744	cloud-23979
nla-digbench/ps4-ll.yml	true	TIMEOUT	990.455844026	957.9586002529977	1000.792064	cloud-23979	ERROR (solver error, after parsing finished)	126.390422294	116.29097439098405	641.679360	cloud-23939
nla-digbench/sqrt1-ll.yml	true	TIMEOUT	990.311750915	967.0081522919936	645.251072	cloud-23979	true	31.784267627	18.222851486003492	645.140480	cloud-23938
nla-digbench-scaling/bresenham-ll_unwindbound1.yml	false	TIMEOUT	990.393923629	952.4854215149971	748.277760	cloud-23933	false(unreach-call)	31.065308851	17.057572192017687	626.438144	cloud-23982
nla-digbench-scaling/bresenham-ll_unwindbound10.yml	false	TIMEOUT	990.650831971	913.1937151689926	867.639296	cloud-23979	ERROR (solver error, after parsing finished)	39.878940422	29.58315883000614	653.193216	cloud-23933
nla-digbench-scaling/bresenham-ll_unwindbound100.yml	false	TIMEOUT	991.04879003	864.5700534439966	899.588096	cloud-23980	ERROR (solver error, after parsing finished)	45.950333104	34.96925589701277	636.936192	cloud-23938
nla-digbench-scaling/bresenham-ll_unwindbound2.yml	false	TIMEOUT	991.580713688	877.0727153899934	876.400640	cloud-23982	ERROR (solver error, after parsing finished)	39.829351019	29.394618624006398	641.789952	cloud-23933
nla-digbench-scaling/bresenham-ll_unwindbound20.yml	false	TIMEOUT	991.164100831	870.3244154120039	916.434944	cloud-23979	ERROR (solver error, after parsing finished)	44.537706088	32.44959628098877	646.524928	cloud-23933
nla-digbench-scaling/bresenham-ll_unwindbound5.yml	false	TIMEOUT	991.532658238	876.3704804300069	895.655936	cloud-23938	ERROR (solver error, after parsing finished)	34.909299775	25.553483193012653	650.469376	cloud-23942
nla-digbench-scaling/bresenham-ll_unwindbound50.yml	false	TIMEOUT	991.758075364	873.8863419830013	886.562816	cloud-23938	ERROR (solver error, after parsing finished)	23.431853511	12.76569327901234	651.575296	cloud-23980
nla-digbench-scaling/bresenham-ll_valuebound1.yml	true	TIMEOUT	990.223092028	870.4449610810116	880.504832	cloud-23938	ERROR (verification stuck, after parsing finished)	26.901582144	17.63866632198915	635.187200	cloud-23982
nla-digbench-scaling/bresenham-ll_valuebound10.yml	true	TIMEOUT	990.347108176	871.1812010200083	905.994240	cloud-23979	ERROR (verification stuck, after parsing finished)	34.210774054	18.621581767016323	612.573184	cloud-23982
nla-digbench-scaling/bresenham-ll_valuebound100.yml	true	TIMEOUT	990.710561	904.7787666859949	841.875456	cloud-23938	ERROR (verification stuck, after parsing finished)	21.457288732	12.319625638017897	740.446208	cloud-23980
nla-digbench-scaling/bresenham-ll_valuebound2.yml	true	TIMEOUT	990.590162428	850.6405646960047	894.840832	cloud-23933	ERROR (solver error, after parsing finished)	167.725680273	154.34822145101498	647.811072	cloud-23933
nla-digbench-scaling/bresenham-ll_valuebound20.yml	true	TIMEOUT	991.010887828	849.9460072649963	958.025728	cloud-23980	ERROR (verification stuck, after parsing finished)	26.62876359	14.692124452994904	577.196032	cloud-23933
nla-digbench-scaling/bresenham-ll_valuebound5.yml	true	TIMEOUT	991.097404079	869.4769577460102	873.324544	cloud-23980	ERROR (verification stuck, after parsing finished)	24.751338488	13.815853235981194	662.773760	cloud-23933
nla-digbench-scaling/bresenham-ll_valuebound50.yml	true	TIMEOUT	991.659962616	868.9991769719927	892.641280	cloud-23933	ERROR (verification stuck, after parsing finished)	26.305441165	14.92855246597901	638.246912	cloud-23982
nla-digbench-scaling/cohencu-ll_unwindbound1.yml	false	false(unreach-call)	29.663717896	16.067974574005348	664.276992	cloud-23938	TIMEOUT	990.275075997	973.689225907001	731.176960	cloud-23980
nla-digbench-scaling/cohencu-ll_unwindbound10.yml	false	ERROR (solver error, after parsing finished)	35.532929555	19.39738989599573	750.927872	cloud-23980	TIMEOUT	990.218052728	977.5233762769785	704.638976	cloud-23980
nla-digbench-scaling/cohencu-ll_unwindbound2.yml	false	ERROR (solver error, after parsing finished)	45.771202555	24.8927831530018	725.008384	cloud-23982	TIMEOUT	990.28927188	975.5666128910088	713.936896	cloud-23933
nla-digbench-scaling/cohencu-ll_unwindbound20.yml	false	ERROR (solver error, after parsing finished)	46.661866061	25.33107669900346	661.741568	cloud-23933	TIMEOUT	990.262731976	976.3702630049956	681.058304	cloud-23933
nla-digbench-scaling/cohencu-ll_unwindbound5.yml	false	ERROR (solver error, after parsing finished)	34.514981598	18.747965543996543	736.657408	cloud-23979	TIMEOUT	990.326258923	972.8973366049759	729.956352	cloud-23979
nla-digbench-scaling/cohencu-ll_unwindbound50.yml	false	ERROR (solver error, after parsing finished)	47.448535978	31.686494513996877	763.691008	cloud-23982	TIMEOUT	990.269891763	973.4946333320113	703.557632	cloud-23938
nla-digbench-scaling/cohencu-ll_valuebound1.yml	true	TIMEOUT	990.341592561	963.6001854080096	772.775936	cloud-23933	ERROR (solver error, after parsing finished)	87.456712124	74.62425716701546	700.063744	cloud-23980
nla-digbench-scaling/cohencu-ll_valuebound10.yml	true	TIMEOUT	990.289354023	967.75868679001	728.047616	cloud-23943	ERROR (solver error, after parsing finished)	96.885138451	80.45230625299155	642.203648	cloud-23982
nla-digbench-scaling/cohencu-ll_valuebound100.yml	true	TIMEOUT	990.335273625	968.6078939880099	799.256576	cloud-23980	ERROR (solver error, after parsing finished)	86.373404089	73.44352584099397	672.174080	cloud-23938
nla-digbench-scaling/cohencu-ll_valuebound2.yml	true	TIMEOUT	990.312465659	967.1550408859912	720.396288	cloud-23939	ERROR (solver error, after parsing finished)	69.960874859	58.80229916001554	667.172864	cloud-23933
nla-digbench-scaling/cohencu-ll_valuebound20.yml	true	TIMEOUT	990.315687801	965.1777693780023	770.822144	cloud-23933	ERROR (solver error, after parsing finished)	96.066972895	82.56431222398533	691.253248	cloud-23982
nla-digbench-scaling/cohencu-ll_valuebound5.yml	true	TIMEOUT	990.320816841	965.6987049159943	754.122752	cloud-23980	ERROR (solver error, after parsing finished)	77.798459949	64.58551020000596	692.056064	cloud-23938
nla-digbench-scaling/cohencu-ll_valuebound50.yml	true	TIMEOUT	990.272048189	963.6244911200047	807.063552	cloud-23979	ERROR (solver error, after parsing finished)	84.67117712	72.7858218330075	690.614272	cloud-23980
nla-digbench-scaling/cohendiv-ll_unwindbound1.yml	true	TIMEOUT	990.316793331	966.2037633720029	629.927936	cloud-23979	true	21.833301087	12.163640827988274	629.841920	cloud-23980
nla-digbench-scaling/cohendiv-ll_unwindbound10.yml	true	TIMEOUT	990.2810713	966.0198317329923	684.371968	cloud-23982	true	98.341814937	82.46528876697994	663.445504	cloud-23980
nla-digbench-scaling/cohendiv-ll_unwindbound2.yml	true	TIMEOUT	990.314331862	965.2833267319947	664.309760	cloud-23938	true	29.266048844	16.344927672005724	651.665408	cloud-23980
nla-digbench-scaling/cohendiv-ll_unwindbound20.yml	true	TIMEOUT	990.355924232	963.1485526059987	703.905792	cloud-23938	true	878.360509519	856.4358064259868	784.625664	cloud-23982
nla-digbench-scaling/cohendiv-ll_unwindbound5.yml	true	TIMEOUT	990.29682839	970.3081919230026	684.630016	cloud-23980	true	35.499788167	23.483326376997866	652.894208	cloud-23980
nla-digbench-scaling/cohendiv-ll_valuebound10.yml	true	ERROR (solver error, after parsing finished)	35.951651095	19.78182928400929	571.121664	cloud-23982	true	22.105347773	12.351988667011028	642.543616	cloud-23980
nla-digbench-scaling/cohendiv-ll_valuebound100.yml	true	ERROR (solver error, after parsing finished)	32.14150738	17.348126700002467	683.053056	cloud-23979	true	27.310913633	15.234658592002233	635.518976	cloud-23982
nla-digbench-scaling/cohendiv-ll_valuebound2.yml	true	ERROR (solver error, after parsing finished)	36.447444984	19.579124709998723	626.241536	cloud-23938	ERROR (server error, after parsing finished)	27.709639132	15.025294902996393	631.939072	cloud-23982
nla-digbench-scaling/divbin2_unwindbound10.yml	true	TIMEOUT	990.21851662	978.0902661639993	604.315648	cloud-23980	ERROR (solver error, after parsing finished)	51.789313205	42.33875410599285	566.038528	cloud-23982
nla-digbench-scaling/divbin2_unwindbound100.yml	true	TIMEOUT	990.254543147	973.1686684839951	566.874112	cloud-23979	ERROR (solver error, after parsing finished)	75.632012492	64.22628326597624	558.206976	cloud-23933
nla-digbench-scaling/divbin2_unwindbound50.yml	true	TIMEOUT	990.302303109	970.5028688680031	673.984512	cloud-23980	ERROR (solver error, after parsing finished)	113.713646342	105.93187605499406	575.860736	cloud-23980
nla-digbench-scaling/divbin2_valuebound100.yml	true	TIMEOUT	990.300561475	967.2891781139915	665.620480	cloud-23933	ERROR (solver error, after parsing finished)	33.991195109	24.344172422977863	573.231104	cloud-23933
nla-digbench-scaling/divbin2_valuebound2.yml	true	TIMEOUT	990.323407211	965.9780532720033	655.171584	cloud-23938	ERROR (solver error, after parsing finished)	62.717311024	53.46621673600748	581.312512	cloud-23982
nla-digbench-scaling/divbin2_valuebound20.yml	true	TIMEOUT	990.266859607	971.6253998040047	600.457216	cloud-23980	ERROR (solver error, after parsing finished)	43.5552851	33.51580724201631	583.630848	cloud-23979
nla-digbench-scaling/divbin2_valuebound5.yml	true	TIMEOUT	990.374935886	966.879673176998	660.041728	cloud-23938	ERROR (solver error, after parsing finished)	23.90234182	15.273252327984665	587.255808	cloud-23933
nla-digbench-scaling/divbin_unwindbound2.yml	true	ERROR (solver error, after parsing finished)	70.759396789	57.98028670299391	617.140224	cloud-23980	TIMEOUT	990.201202122	979.3825962150004	601.030656	cloud-23980
nla-digbench-scaling/divbin_unwindbound20.yml	false	TIMEOUT	990.254293742	970.8279989830044	677.048320	cloud-23982	TIMEOUT (ERROR (solver error, after parsing finished))	967.343763128	954.5891746449925	590.921728	cloud-23982
nla-digbench-scaling/divbin_unwindbound50.yml	false	TIMEOUT	990.292623039	971.6182829969912	707.805184	cloud-23933	ERROR (solver error, after parsing finished)	144.410851105	132.44955583297997	601.915392	cloud-23982
nla-digbench-scaling/divbin_valuebound1.yml	true	TIMEOUT	990.272632403	975.6626249069959	647.041024	cloud-23982	ERROR (solver error, after parsing finished)	25.867541139	14.21516672099824	591.314944	cloud-23933
nla-digbench-scaling/divbin_valuebound10.yml	true	TIMEOUT	990.222576272	977.7061697770114	624.340992	cloud-23980	ERROR (solver error, after parsing finished)	36.080567338	25.784612952993484	619.429888	cloud-23933
nla-digbench-scaling/divbin_valuebound100.yml	true	TIMEOUT	990.275702055	974.4616390789888	634.880000	cloud-23933	ERROR (solver error, after parsing finished)	132.633499412	121.99706044301274	588.197888	cloud-23933
nla-digbench-scaling/divbin_valuebound2.yml	true	TIMEOUT	990.272454431	976.6490808170056	589.479936	cloud-23979	ERROR (solver error, after parsing finished)	106.690657064	96.7649574620009	595.959808	cloud-23979
nla-digbench-scaling/divbin_valuebound20.yml	true	TIMEOUT	990.252795543	973.6587711159955	635.912192	cloud-23938	ERROR (solver error, after parsing finished)	236.450478315	226.96079108898994	556.691456	cloud-23980
nla-digbench-scaling/divbin_valuebound5.yml	true	TIMEOUT	990.236561706	973.6598092850036	634.736640	cloud-23982	ERROR (solver error, after parsing finished)	182.43859784	173.2960548120027	596.320256	cloud-23933
nla-digbench-scaling/divbin_valuebound50.yml	true	TIMEOUT	990.247943718	979.7312525229936	641.204224	cloud-23982	ERROR (solver error, after parsing finished)	27.993942748	17.577924098004587	619.581440	cloud-23980
nla-digbench-scaling/egcd-ll_unwindbound1.yml	false	TIMEOUT	990.675736854	906.2826934319892	868.610048	cloud-23938	ERROR (solver error, after parsing finished)	482.354321725	469.6145846080035	616.857600	cloud-23980
nla-digbench-scaling/egcd-ll_unwindbound100.yml	false	TIMEOUT	991.179182587	885.3797950529988	1029.984256	cloud-23933	ERROR (solver error, after parsing finished)	317.368393852	306.94824079598766	663.633920	cloud-23933
nla-digbench-scaling/egcd-ll_unwindbound2.yml	false	TIMEOUT	990.387912213	963.3483338859951	866.025472	cloud-23982	ERROR (solver error, after parsing finished)	468.526089111	454.17830657499144	647.139328	cloud-23982
nla-digbench-scaling/egcd-ll_unwindbound20.yml	false	TIMEOUT	990.375230177	946.982795036005	834.576384	cloud-23982	ERROR (solver error, after parsing finished)	153.70643491	143.75448393198894	648.892416	cloud-23943
nla-digbench-scaling/egcd-ll_unwindbound50.yml	false	TIMEOUT	990.517878022	919.044736255004	903.069696	cloud-23933	ERROR (solver error, after parsing finished)	90.221019102	76.80164077199879	641.781760	cloud-23938
nla-digbench-scaling/egcd-ll_valuebound100.yml	true	TIMEOUT	990.301180516	967.9323987730022	638.803968	cloud-23938	ERROR (solver error, after parsing finished)	58.794872554	45.26119184799609	638.242816	cloud-23982
nla-digbench-scaling/egcd2-ll_unwindbound2.yml	false	ERROR (server error, after parsing finished)	38.8868786	20.91962156299269	639.209472	cloud-23982	ERROR (solver error, after parsing finished)	23.247450526	12.549889061017893	656.506880	cloud-23979
nla-digbench-scaling/egcd2-ll_valuebound1.yml	true	true	28.356152254	15.423021264999988	631.746560	cloud-23933	ERROR (server error, after parsing finished)	27.613868517	14.876506410015281	641.929216	cloud-23933
nla-digbench-scaling/egcd2-ll_valuebound20.yml	true	ERROR (server error, after parsing finished)	37.034194596	20.310909171006642	649.273344	cloud-23938	ERROR (solver error, after parsing finished)	21.769613924	11.766873621993	658.186240	cloud-23933
nla-digbench-scaling/egcd3-ll_valuebound1.yml	true	true	28.268725617	15.17436336800165	637.665280	cloud-23933	ERROR (solver error, after parsing finished)	30.954541041	18.310144104994833	639.569920	cloud-23938
nla-digbench-scaling/egcd3-ll_valuebound10.yml	true	TIMEOUT	990.313359475	968.0622735530051	698.982400	cloud-23938	ERROR (solver error, after parsing finished)	25.09964494	14.938335466024	638.644224	cloud-23979
nla-digbench-scaling/egcd3-ll_valuebound2.yml	true	ERROR (server error, after parsing finished)	31.522901628	17.013549547991715	659.087360	cloud-23980	ERROR (solver error, after parsing finished)	28.63488498	17.340174438024405	609.021952	cloud-23982
nla-digbench-scaling/egcd3-ll_valuebound20.yml	true	TIMEOUT	990.257758054	974.3100359460077	677.724160	cloud-23980	ERROR (solver error, after parsing finished)	22.63294731	13.386972824984696	675.491840	cloud-23933
nla-digbench-scaling/freire2_valuebound1.yml	false	TIMEOUT	990.28617551	977.1946449649986	923.656192	cloud-23982	ERROR (server error, after parsing finished)	583.537667084	571.6328774989815	910.852096	cloud-23933
nla-digbench-scaling/freire2_valuebound10.yml	false	TIMEOUT	990.370961981	975.5960472529987	947.384320	cloud-23979	ERROR (server error, after parsing finished)	573.490948482	563.2987228420097	932.466688	cloud-23979
nla-digbench-scaling/freire2_valuebound100.yml	false	TIMEOUT	990.298186452	978.1750677779928	984.567808	cloud-23980	ERROR (server error, after parsing finished)	596.926738659	586.978892160987	942.673920	cloud-23980
nla-digbench-scaling/freire2_valuebound2.yml	false	TIMEOUT	990.307297207	977.4201929350093	962.035712	cloud-23982	ERROR (server error, after parsing finished)	616.17668671	603.6881531290128	939.270144	cloud-23938
nla-digbench-scaling/freire2_valuebound20.yml	false	TIMEOUT	990.33305773	975.9148278110079	1013.444608	cloud-23938	ERROR (server error, after parsing finished)	718.40870325	705.1911076749966	907.796480	cloud-23938
nla-digbench-scaling/freire2_valuebound5.yml	false	TIMEOUT	990.28751756	980.1047376330098	943.247360	cloud-23980	ERROR (server error, after parsing finished)	652.236921554	641.9687202979985	875.757568	cloud-23933
nla-digbench-scaling/freire2_valuebound50.yml	false	TIMEOUT	990.240607226	978.6336556250026	940.089344	cloud-23980	ERROR (server error, after parsing finished)	503.204704125	492.76687630297965	915.845120	cloud-23979
nla-digbench-scaling/geo1-ll_valuebound100.yml	true	TIMEOUT	990.271901606	974.6528929730121	580.497408	cloud-23938	ERROR (solver error, after parsing finished)	105.852993831	96.3451574910141	590.614528	cloud-23933
nla-digbench-scaling/geo1-ll_valuebound20.yml	true	TIMEOUT	990.208860333	978.6410648930032	613.494784	cloud-23980	ERROR (solver error, after parsing finished)	127.450542366	115.85400649299845	556.937216	cloud-23982
nla-digbench-scaling/geo1-ll_valuebound50.yml	true	TIMEOUT	990.25917188	975.909559163003	588.713984	cloud-23938	ERROR (solver error, after parsing finished)	113.046208083	105.70295650698245	599.408640	cloud-23982
nla-digbench-scaling/geo1-u_valuebound20.yml	false	TIMEOUT	990.216206279	978.4883707599947	600.809472	cloud-23982	ERROR (solver error, after parsing finished)	24.914723084	14.48793133799336	587.374592	cloud-23938
nla-digbench-scaling/geo1-u_valuebound50.yml	false	TIMEOUT	990.251667423	977.7661805980024	610.349056	cloud-23980	ERROR (solver error, after parsing finished)	469.703121405	456.11846841999795	589.803520	cloud-23938
nla-digbench-scaling/geo2-ll_unwindbound10.yml	true	TIMEOUT	990.24592524	979.1239698889985	586.567680	cloud-23980	ERROR (solver error, after parsing finished)	175.402166641	165.71726955199847	577.970176	cloud-23980
nla-digbench-scaling/geo2-ll_valuebound100.yml	true	TIMEOUT (ERROR (solver error, after parsing finished))	974.212463996	959.5702807410125	549.638144	cloud-23980	ERROR (solver error, after parsing finished)	21.03103601	12.663986254978226	568.516608	cloud-23942
nla-digbench-scaling/geo2-ll_valuebound50.yml	true	TIMEOUT	990.248124851	975.5961102360016	596.631552	cloud-23938	ERROR (solver error, after parsing finished)	24.660191549	14.411655029980466	577.744896	cloud-23933
nla-digbench-scaling/geo3-ll_unwindbound1.yml	true	TIMEOUT	990.28154204	973.1363913259993	569.610240	cloud-23933	ERROR (solver error, after parsing finished)	625.596929105	613.6553992599947	592.408576	cloud-23933
nla-digbench-scaling/geo3-ll_unwindbound10.yml	true	TIMEOUT	990.263157141	977.723952979999	590.766080	cloud-23980	ERROR (solver error, after parsing finished)	588.403448796	577.3651810390002	574.382080	cloud-23979
nla-digbench-scaling/geo3-ll_unwindbound100.yml	true	TIMEOUT	990.213397213	974.9300052570034	602.857472	cloud-23982	ERROR (solver error, after parsing finished)	541.951282116	531.0028436619905	591.429632	cloud-23933
nla-digbench-scaling/geo3-ll_unwindbound2.yml	true	TIMEOUT	990.279857945	972.2260665429931	586.792960	cloud-23938	ERROR (solver error, after parsing finished)	514.241473527	504.98472474198206	584.794112	cloud-23942
nla-digbench-scaling/geo3-ll_unwindbound20.yml	true	TIMEOUT	990.240123479	974.1697032889933	569.131008	cloud-23938	ERROR (solver error, after parsing finished)	758.170583613	745.7765046900022	577.531904	cloud-23938
nla-digbench-scaling/geo3-ll_unwindbound5.yml	true	TIMEOUT	990.282893836	974.9679489370028	602.771456	cloud-23979	ERROR (solver error, after parsing finished)	564.437625455	554.3059238319984	548.204544	cloud-23979
nla-digbench-scaling/geo3-ll_unwindbound50.yml	true	TIMEOUT	990.234117095	976.5288084650092	590.295040	cloud-23982	ERROR (solver error, after parsing finished)	685.424102092	674.5347469039843	563.118080	cloud-23982
nla-digbench-scaling/hard-ll_unwindbound10.yml	false	ERROR (server error, after parsing finished)	35.453810798	19.63268271299603	658.194432	cloud-23933	ERROR (verification stuck, after parsing finished)	30.914940736	16.43590435999795	642.453504	cloud-23982
nla-digbench-scaling/hard-ll_unwindbound100.yml	false	ERROR (server error, after parsing finished)	31.390271151	17.009226977999788	626.454528	cloud-23979	ERROR (verification stuck, after parsing finished)	24.345735827	13.2186654380057	621.875200	cloud-23979
nla-digbench-scaling/hard-ll_unwindbound2.yml	false	ERROR (server error, after parsing finished)	31.257732223	17.29265876900172	582.619136	cloud-23980	false(unreach-call)	25.819826065	14.193274705001386	591.446016	cloud-23938
nla-digbench-scaling/hard-ll_unwindbound20.yml	false	ERROR (server error, after parsing finished)	26.768967075	14.653042950012605	621.752320	cloud-23979	ERROR (verification stuck, after parsing finished)	31.421041246	17.200669621000998	598.384640	cloud-23982
nla-digbench-scaling/hard-ll_unwindbound5.yml	false	ERROR (server error, after parsing finished)	31.266552655	16.88339431300119	643.993600	cloud-23933	ERROR (verification stuck, after parsing finished)	20.042594382	11.043019359989557	592.617472	cloud-23980
nla-digbench-scaling/hard-ll_unwindbound50.yml	false	ERROR (server error, after parsing finished)	31.091987257	16.7826029429998	596.271104	cloud-23933	ERROR (verification stuck, after parsing finished)	30.483603927	16.3395293589856	629.473280	cloud-23938
nla-digbench-scaling/hard-u_unwindbound100.yml	false	ERROR (solver error, after parsing finished)	88.075938915	74.77776534500299	582.696960	cloud-23938	TIMEOUT	990.290262094	975.6574444900034	592.220160	cloud-23979
nla-digbench-scaling/hard-u_unwindbound20.yml	false	ERROR (solver error, after parsing finished)	336.533171225	318.8482622849988	604.352512	cloud-23982	TIMEOUT	990.249365217	976.0189727150137	599.023616	cloud-23938
nla-digbench-scaling/hard-u_valuebound1.yml	true	ERROR (solver error, after parsing finished)	34.892786092	20.32199098599085	620.470272	cloud-23933	true	33.021537183	19.672031550988322	593.944576	cloud-23982
nla-digbench-scaling/hard-u_valuebound100.yml	true	ERROR (solver error, after parsing finished)	28.435703233	16.554404627007898	596.570112	cloud-23980	TIMEOUT	990.251983313	976.6637636020023	593.539072	cloud-23933
nla-digbench-scaling/hard-u_valuebound20.yml	true	ERROR (solver error, after parsing finished)	60.472408206	48.89915632898919	604.434432	cloud-23982	ERROR (server error, after parsing finished)	25.72939281	14.522099686000729	555.352064	cloud-23980
nla-digbench-scaling/hard-u_valuebound5.yml	true	TIMEOUT (ERROR (solver error, after parsing finished))	933.592355943	916.8668324210012	607.580160	cloud-23933	ERROR (solver error, after parsing finished)	57.334588677	46.89044561999617	577.499136	cloud-23980
nla-digbench-scaling/hard-u_valuebound50.yml	true	ERROR (solver error, after parsing finished)	110.963599875	95.29067136599042	595.128320	cloud-23982	ERROR (server error, after parsing finished)	21.26357394	11.951635796984192	594.931712	cloud-23933
nla-digbench-scaling/hard2_unwindbound5.yml	false	ERROR (solver error, after parsing finished)	38.964796064	23.490506074987934	641.421312	cloud-23980	false(unreach-call)	34.626719005	18.93574536201777	642.158592	cloud-23980
nla-digbench-scaling/lcm1_valuebound1.yml	true	true	21.219637507	11.758312937003211	606.986240	cloud-23979	ERROR (server error, after parsing finished)	23.410802148	12.773653971991735	596.889600	cloud-23933
nla-digbench-scaling/lcm2_valuebound100.yml	true	TIMEOUT	990.268213778	973.0162356939982	584.876032	cloud-23938	ERROR (server error, after parsing finished)	690.702859676	676.1906051879923	614.023168	cloud-23938
nla-digbench-scaling/lcm2_valuebound2.yml	true	TIMEOUT	990.236923362	976.9157570870011	620.892160	cloud-23979	ERROR (server error, after parsing finished)	22.347390561	12.90087504000985	594.919424	cloud-23980
nla-digbench-scaling/mannadiv_unwindbound1.yml	false	TIMEOUT	990.977063672	916.2105270119937	728.297472	cloud-23938	false(unreach-call)	24.207485835	13.344336993992329	578.936832	cloud-23938
nla-digbench-scaling/mannadiv_unwindbound10.yml	false	TIMEOUT	990.794340813	942.881121790997	748.933120	cloud-23982	false(unreach-call)	38.79356336	26.263030058005825	709.922816	cloud-23980
nla-digbench-scaling/mannadiv_unwindbound2.yml	false	TIMEOUT	990.762255284	945.3473428809957	744.374272	cloud-23980	false(unreach-call)	23.01652662	12.605933136015665	592.412672	cloud-23979
nla-digbench-scaling/mannadiv_unwindbound20.yml	false	TIMEOUT	991.307845546	926.7088760309998	703.524864	cloud-23980	false(unreach-call)	203.04444122	183.3213841280085	775.888896	cloud-23979
nla-digbench-scaling/mannadiv_unwindbound5.yml	false	TIMEOUT	990.795309893	933.8116675659985	727.416832	cloud-23982	false(unreach-call)	29.349025755	15.82183966098819	636.022784	cloud-23933
nla-digbench-scaling/mannadiv_valuebound1.yml	true	TIMEOUT	990.931856689	936.6978036240034	787.714048	cloud-23938	true	26.61214759	14.630574788985541	582.025216	cloud-23938
nla-digbench-scaling/mannadiv_valuebound10.yml	true	TIMEOUT	990.91816047	889.2631591160025	803.287040	cloud-23982	true	17.940289047	10.006566547002876	595.013632	cloud-23982
nla-digbench-scaling/mannadiv_valuebound100.yml	true	TIMEOUT	991.288532031	930.9872417989973	825.626624	cloud-23938	true	22.907244761	12.358141852979315	608.747520	cloud-23980
nla-digbench-scaling/mannadiv_valuebound2.yml	true	TIMEOUT	990.88617337	887.6724837670045	788.615168	cloud-23980	true	21.203983682	11.579234466014896	556.945408	cloud-23933
nla-digbench-scaling/mannadiv_valuebound20.yml	true	TIMEOUT	990.980301713	940.0430807930097	858.259456	cloud-23933	true	22.787519948	12.697347908018855	577.060864	cloud-23933
nla-digbench-scaling/mannadiv_valuebound5.yml	true	TIMEOUT	990.929132393	898.9664733289974	852.135936	cloud-23933	true	20.848245336	11.271679097990273	633.970688	cloud-23933
nla-digbench-scaling/mannadiv_valuebound50.yml	true	TIMEOUT	991.139768367	889.6811219450028	787.386368	cloud-23980	true	23.96282831	13.307278691005195	560.132096	cloud-23979
nla-digbench-scaling/ps2-ll_unwindbound1.yml	true	TIMEOUT	990.349856253	965.8716519349982	671.797248	cloud-23938	true	19.489535174	10.971892658999423	589.520896	cloud-23980
nla-digbench-scaling/ps2-ll_unwindbound10.yml	true	TIMEOUT	990.280887221	967.9319922349969	769.527808	cloud-23982	true	23.633655598	12.84226024299278	599.687168	cloud-23938
nla-digbench-scaling/ps2-ll_unwindbound100.yml	true	TIMEOUT	990.324166909	968.2435018639953	663.404544	cloud-23979	true	17.251130619	9.471321903023636	593.408000	cloud-23982
nla-digbench-scaling/ps2-ll_unwindbound2.yml	true	TIMEOUT	990.2774664	967.0989293699968	677.584896	cloud-23982	true	19.755024367	10.943865688983351	607.924224	cloud-23980
nla-digbench-scaling/ps2-ll_unwindbound20.yml	true	TIMEOUT	990.279281316	968.0736440679902	638.148608	cloud-23979	true	27.691239207	14.944139423023444	628.965376	cloud-23938
nla-digbench-scaling/ps2-ll_unwindbound5.yml	true	TIMEOUT	990.321152937	967.0097259180038	624.889856	cloud-23938	true	25.196649278	13.61708232597448	587.214848	cloud-23982
nla-digbench-scaling/ps2-ll_unwindbound50.yml	true	TIMEOUT	990.294906161	967.2897429980076	671.784960	cloud-23938	true	27.270888122	15.037595330009935	583.077888	cloud-23933
nla-digbench-scaling/ps3-ll_unwindbound1.yml	true	TIMEOUT	990.29636465	970.5052625730023	721.633280	cloud-23980	true	22.206814928	12.04986254501273	629.190656	cloud-23980
nla-digbench-scaling/ps3-ll_unwindbound10.yml	true	TIMEOUT	990.275020174	969.1202457530017	698.195968	cloud-23980	true	24.062177377	13.159298352024052	640.884736	cloud-23979
nla-digbench-scaling/ps3-ll_unwindbound100.yml	true	TIMEOUT	990.290630862	968.0043466479983	692.781056	cloud-23980	true	27.598994494	14.944538373994874	608.149504	cloud-23938
nla-digbench-scaling/ps3-ll_unwindbound2.yml	true	TIMEOUT	990.354959314	963.8500019089988	713.326592	cloud-23933	true	28.243650283	15.471871043991996	597.254144	cloud-23982
nla-digbench-scaling/ps3-ll_unwindbound20.yml	true	TIMEOUT	990.324145037	967.5949070130009	678.776832	cloud-23979	true	25.063475544	13.605902779992903	620.810240	cloud-23938
nla-digbench-scaling/ps3-ll_unwindbound5.yml	true	TIMEOUT	990.297311386	967.4627056939935	700.719104	cloud-23982	true	23.733172408	12.7623009539966	581.251072	cloud-23933
nla-digbench-scaling/ps3-ll_unwindbound50.yml	true	TIMEOUT	990.275090836	968.9135367650015	701.071360	cloud-23982	true	22.412401528	12.087645981984679	634.863616	cloud-23979
nla-digbench-scaling/ps4-ll_unwindbound10.yml	false	TIMEOUT	990.332223059	967.1828075530066	716.873728	cloud-23938	ERROR (solver error, after parsing finished)	30.491548134	16.31769385098596	599.404544	cloud-23938
nla-digbench-scaling/ps4-ll_unwindbound5.yml	false	TIMEOUT	990.296502686	968.7215667319979	702.001152	cloud-23933	ERROR (solver error, after parsing finished)	30.366499245	16.502889619994676	678.453248	cloud-23933
nla-digbench-scaling/ps4-ll_valuebound1.yml	true	TIMEOUT	990.503440291	949.35933664201	1006.891008	cloud-23980	true	26.855946543	14.455594633996952	658.980864	cloud-23938
nla-digbench-scaling/ps4-ll_valuebound10.yml	true	TIMEOUT	990.445561583	956.0019620959938	1052.418048	cloud-23979	ERROR (solver error, after parsing finished)	129.997113204	118.060510144016	638.869504	cloud-23979
nla-digbench-scaling/ps4-ll_valuebound100.yml	true	TIMEOUT	990.353888742	959.2696378330002	915.021824	cloud-23982	ERROR (solver error, after parsing finished)	163.39238528	149.51786671500304	614.739968	cloud-23982
nla-digbench-scaling/ps4-ll_valuebound2.yml	true	TIMEOUT	990.421373979	961.2318216830026	865.665024	cloud-23980	true	26.053699204	14.34610015101498	705.896448	cloud-23979
nla-digbench-scaling/ps4-ll_valuebound20.yml	true	TIMEOUT	990.368482581	955.7750948800094	914.108416	cloud-23980	ERROR (solver error, after parsing finished)	107.41046779	98.24143627399462	665.899008	cloud-23944
nla-digbench-scaling/ps4-ll_valuebound5.yml	true	TIMEOUT	990.435329075	955.4957174620067	1025.789952	cloud-23980	ERROR (solver error, after parsing finished)	140.917851943	127.30305329602561	609.914880	cloud-23933
nla-digbench-scaling/ps4-ll_valuebound50.yml	true	TIMEOUT	990.3599698	960.2281147489994	1000.648704	cloud-23933	ERROR (solver error, after parsing finished)	134.073377528	122.14423692697892	641.105920	cloud-23979
nla-digbench-scaling/ps6-ll_unwindbound10.yml	false	TIMEOUT	990.321304945	966.8182240649912	869.957632	cloud-23980	ERROR (solver error, after parsing finished)	42.83819786	30.52505151098012	804.986880	cloud-23933
nla-digbench-scaling/ps6-ll_unwindbound100.yml	false	TIMEOUT	990.277344192	966.8004472129978	867.565568	cloud-23980	ERROR (solver error, after parsing finished)	36.815623521	20.741609465010697	780.759040	cloud-23982
nla-digbench-scaling/ps6-ll_unwindbound5.yml	false	TIMEOUT	990.383656773	963.1628702769958	861.413376	cloud-23938	ERROR (solver error, after parsing finished)	48.649122498	34.77557996701216	810.287104	cloud-23979
nla-digbench-scaling/ps6-ll_valuebound1.yml	true	TIMEOUT	990.413699334	958.9765349910012	1020.272640	cloud-23979	true	23.35267147	12.462525108014233	790.343680	cloud-23982
nla-digbench-scaling/ps6-ll_valuebound10.yml	true	TIMEOUT	990.426299303	956.2484369659942	1056.858112	cloud-23980	ERROR (solver error, after parsing finished)	36.219012631	22.477581027982524	737.603584	cloud-23979
nla-digbench-scaling/ps6-ll_valuebound100.yml	true	TIMEOUT	990.448386254	957.3119279710081	1147.916288	cloud-23979	ERROR (solver error, after parsing finished)	40.010287221	25.23386517999461	750.419968	cloud-23982
nla-digbench-scaling/ps6-ll_valuebound2.yml	true	TIMEOUT	990.383070427	957.8637856709975	907.517952	cloud-23982	true	34.035131676	19.50595799300936	839.548928	cloud-23933
nla-digbench-scaling/ps6-ll_valuebound20.yml	true	TIMEOUT	990.376301397	959.8480112040124	1005.932544	cloud-23979	ERROR (solver error, after parsing finished)	32.905722122	21.0254230510036	777.494528	cloud-23980
nla-digbench-scaling/ps6-ll_valuebound5.yml	true	TIMEOUT	990.47292122	958.0753637449961	999.608320	cloud-23979	ERROR (solver error, after parsing finished)	31.587639293	19.93729039799655	875.794432	cloud-23979
nla-digbench-scaling/ps6-ll_valuebound50.yml	true	TIMEOUT	990.437136983	955.7566505849973	1111.261184	cloud-23938	ERROR (solver error, after parsing finished)	33.85862308	22.148144129983848	901.988352	cloud-23980
nla-digbench-scaling/sqrt1-ll_unwindbound1.yml	true	TIMEOUT	990.282180262	968.4225340230041	715.124736	cloud-23982	true	25.036422584	13.532139504997758	655.224832	cloud-23938
nla-digbench-scaling/sqrt1-ll_unwindbound10.yml	true	TIMEOUT	990.309419387	970.9906640499976	696.934400	cloud-23980	true	23.616484909	13.16230694501428	681.197568	cloud-23980
nla-digbench-scaling/sqrt1-ll_unwindbound100.yml	true	TIMEOUT	990.333198955	965.3537125940056	671.293440	cloud-23933	true	22.35840229	12.101497035007924	649.158656	cloud-23980
nla-digbench-scaling/sqrt1-ll_unwindbound2.yml	true	TIMEOUT	990.278403547	965.7749465590023	646.619136	cloud-23982	true	25.428952298	13.849485688988352	610.263040	cloud-23980
nla-digbench-scaling/sqrt1-ll_unwindbound20.yml	true	TIMEOUT	990.278528801	969.5978465560038	686.686208	cloud-23933	true	31.255304289	17.480674117978197	592.138240	cloud-23982
nla-digbench-scaling/sqrt1-ll_unwindbound5.yml	true	TIMEOUT	990.324342908	965.5956582729996	632.717312	cloud-23938	true	25.013657901	13.764202478021616	600.535040	cloud-23938
nla-digbench-scaling/sqrt1-ll_unwindbound50.yml	true	TIMEOUT	990.228371133	969.5879798160022	645.439488	cloud-23982	true	29.786786994	15.898827680997783	650.366976	cloud-23982
nla-digbench-scaling/sqrt1-ll_valuebound1.yml	true	TIMEOUT	990.324318781	968.6520072190033	709.279744	cloud-23982	true	31.877287818	18.431599281000672	665.788416	cloud-23938
nla-digbench-scaling/sqrt1-ll_valuebound10.yml	true	TIMEOUT	990.302791781	964.6188732240116	680.144896	cloud-23933	true	26.122254009	14.861525134008843	656.547840	cloud-23979
nla-digbench-scaling/sqrt1-ll_valuebound100.yml	true	TIMEOUT	990.305365141	971.4799571400072	662.151168	cloud-23980	true	24.029552491	13.845584399008658	611.262464	cloud-23933
nla-digbench-scaling/sqrt1-ll_valuebound2.yml	true	TIMEOUT	990.312106035	966.8366834390035	623.976448	cloud-23938	true	25.244594309	14.717268701002467	625.934336	cloud-23933
nla-digbench-scaling/sqrt1-ll_valuebound20.yml	true	TIMEOUT	990.275299981	970.8769558430067	672.722944	cloud-23980	true	28.105569358	16.17080936601269	653.836288	cloud-23938
nla-digbench-scaling/sqrt1-ll_valuebound5.yml	true	TIMEOUT	990.328677972	965.5288905139896	686.174208	cloud-23938	true	24.169396883	14.338398065010551	650.452992	cloud-23980
nla-digbench-scaling/sqrt1-ll_valuebound50.yml	true	TIMEOUT	990.32579994	967.113865117004	705.298432	cloud-23933	true	25.369915777	15.00938184800907	613.806080	cloud-23980
combinations/pc_sfifo_3.cil+token_ring.04.cil-2.yml	false	false(unreach-call)	731.044877337	644.4254414300085	1371.156480	cloud-23982	TIMEOUT	990.532222203	947.6365637000126	925.827072	cloud-23980
eca-rers2012/Problem03_label00.yml	true	true	317.154623516	272.2983111580106	2877.153280	cloud-23979	TIMEOUT (true)	958.677222188	904.6497831940069	2683.465728	cloud-23938
eca-rers2012/Problem03_label01.yml	true	true	447.928723178	394.10871650700574	3999.887360	cloud-23938	TIMEOUT	990.68961882	924.9477758259745	2739.527680	cloud-23982
eca-rers2012/Problem03_label02.yml	true	true	374.692342609	322.2771469519939	3030.183936	cloud-23938	TIMEOUT	990.687641977	942.0961356630141	2849.107968	cloud-23941
eca-rers2012/Problem03_label04.yml	true	true	375.758308175	320.4425711750082	2968.928256	cloud-23938	TIMEOUT	990.821642886	930.5542394220247	3215.327232	cloud-23982
eca-rers2012/Problem03_label05.yml	true	true	353.087265197	301.0076278959896	3418.947584	cloud-23933	TIMEOUT	990.786990142	939.5106824029936	3562.164224	cloud-23933
eca-rers2012/Problem03_label06.yml	true	true	379.641052228	329.3505027259962	2955.448320	cloud-23938	TIMEOUT	990.778778321	936.8971006259962	2814.234624	cloud-23982
eca-rers2012/Problem03_label10.yml	true	true	366.2650963	316.5105746469926	3059.290112	cloud-23938	TIMEOUT	990.773201001	940.4497756630008	2847.899648	cloud-23979
eca-rers2012/Problem03_label11.yml	true	true	412.657662038	361.3062267179921	3262.005248	cloud-23979	TIMEOUT	990.694773791	935.3617508950119	3094.384640	cloud-23933
eca-rers2012/Problem03_label12.yml	true	true	325.633786253	271.965250912006	3089.760256	cloud-23938	TIMEOUT	990.79609664	938.5385216760042	3183.427584	cloud-23938
eca-rers2012/Problem03_label14.yml	true	true	300.075553448	261.4069224519917	2950.926336	cloud-23980	TIMEOUT	990.924144191	933.762815833994	3549.478912	cloud-23938
eca-rers2012/Problem03_label16.yml	true	true	315.638325646	273.3482652160019	2984.980480	cloud-23980	TIMEOUT	990.643250934	936.7280225389986	2950.303744	cloud-23979
eca-rers2012/Problem03_label17.yml	true	true	299.072848649	254.48704631799774	2863.874048	cloud-23979	TIMEOUT	990.79118575	935.456415032997	3110.821888	cloud-23933
eca-rers2012/Problem03_label18.yml	true	true	321.287582411	269.70634545800567	3384.598528	cloud-23933	TIMEOUT	990.72228287	932.7600237760053	2816.245760	cloud-23982
eca-rers2012/Problem03_label19.yml	true	true	804.112719766	731.8106681479985	3133.153280	cloud-23979	TIMEOUT	990.780490118	938.7630407449906	2701.774848	cloud-23938
eca-rers2012/Problem03_label20.yml	true	true	379.302186857	326.377172403998	3264.827392	cloud-23938	TIMEOUT	990.633057363	939.5605878339848	3098.365952	cloud-23982
eca-rers2012/Problem03_label21.yml	true	true	395.582264314	337.65357498101366	2848.739328	cloud-23982	TIMEOUT	990.711087072	933.1463609380007	3171.766272	cloud-23980
eca-rers2012/Problem03_label22.yml	true	true	366.696901038	315.6674749980011	3097.739264	cloud-23982	TIMEOUT	990.67172596	945.0342365170072	2819.407872	cloud-23980
eca-rers2012/Problem03_label24.yml	true	true	712.407446284	664.0832893839979	3149.971456	cloud-23933	TIMEOUT	990.626169796	939.6452262439998	3061.579776	cloud-23980
eca-rers2012/Problem03_label25.yml	true	true	357.074559084	310.64258929800417	3588.333568	cloud-23980	TIMEOUT	990.74305516	935.802599549992	2624.761856	cloud-23980
eca-rers2012/Problem03_label26.yml	false	TIMEOUT	991.17918076	897.4854769730009	4291.907584	cloud-23982	false(unreach-call)	272.105348587	225.68434572700062	3608.793088	cloud-23979
eca-rers2012/Problem03_label29.yml	true	true	356.28725312	317.55554008999025	3026.432000	cloud-23982	TIMEOUT	990.712804945	931.2191490609839	3497.029632	cloud-23982
eca-rers2012/Problem03_label30.yml	true	true	377.94946292	321.6808624510013	2941.898752	cloud-23938	TIMEOUT	990.603898375	945.1987690139795	2733.662208	cloud-23979
eca-rers2012/Problem03_label32.yml	true	true	334.946105305	285.4576042260014	2922.979328	cloud-23938	TIMEOUT	990.742399163	934.5358859330008	2705.293312	cloud-23982
eca-rers2012/Problem03_label33.yml	true	true	351.892671539	308.3455343259993	2873.389056	cloud-23980	TIMEOUT	990.775522732	929.2868824519974	2850.119680	cloud-23982
eca-rers2012/Problem03_label34.yml	true	true	307.376703676	263.9236541089922	3112.128512	cloud-23979	TIMEOUT	990.7742576	939.7496709150146	3044.331520	cloud-23982
eca-rers2012/Problem03_label36.yml	true	true	377.882386447	328.62722518699593	2982.490112	cloud-23982	TIMEOUT	990.607442997	936.6020130990073	2905.010176	cloud-23938
eca-rers2012/Problem03_label37.yml	false	false(unreach-call)	284.999680993	231.43033018399728	3121.811456	cloud-23933	TIMEOUT	990.799464017	942.4976733679941	3052.609536	cloud-23979
eca-rers2012/Problem03_label38.yml	true	true	293.599274348	252.8622160829982	3523.375104	cloud-23979	TIMEOUT	990.707467395	940.7004982159997	3115.794432	cloud-23933
eca-rers2012/Problem03_label39.yml	false	false(unreach-call)	326.405219048	270.4287620570103	3401.199616	cloud-23938	TIMEOUT	990.720189932	943.096815094992	3013.013504	cloud-23933
eca-rers2012/Problem03_label40.yml	true	true	703.721422721	647.7415367979993	3529.322496	cloud-23982	TIMEOUT	990.627571415	938.2906495020143	2883.944448	cloud-23938
eca-rers2012/Problem03_label41.yml	true	true	327.335970041	286.0364454820083	3072.749568	cloud-23980	TIMEOUT	990.683367567	941.1781091440062	3187.355648	cloud-23979
eca-rers2012/Problem03_label42.yml	true	true	341.349549098	299.73306235500786	3367.669760	cloud-23980	TIMEOUT	990.67311261	936.6145420870162	2764.046336	cloud-23982
eca-rers2012/Problem03_label43.yml	false	false(unreach-call)	317.502017279	268.46147287900385	3114.573824	cloud-23982	TIMEOUT	990.696484817	939.2943429010047	2927.984640	cloud-23938
eca-rers2012/Problem03_label45.yml	false	false(unreach-call)	270.770013629	220.40995182401093	3356.762112	cloud-23979	TIMEOUT	990.854397817	934.4593424570048	3999.326208	cloud-23938
eca-rers2012/Problem03_label46.yml	true	true	369.637456262	318.2789017610048	3008.077824	cloud-23982	TIMEOUT	990.643547363	936.5833958010189	2836.492288	cloud-23938
eca-rers2012/Problem03_label47.yml	true	true	340.755789722	291.5509393319953	3025.846272	cloud-23938	TIMEOUT	990.563791944	943.5321228360117	2828.640256	cloud-23933
eca-rers2012/Problem03_label48.yml	true	true	336.745546935	289.0032224960014	3380.240384	cloud-23938	TIMEOUT	990.764536062	944.1084997770085	2865.356800	cloud-23933
eca-rers2012/Problem03_label49.yml	true	true	291.884324057	251.6311279740039	3105.800192	cloud-23979	TIMEOUT	990.737359115	941.0246660849953	3066.380288	cloud-23979
eca-rers2012/Problem03_label52.yml	false	false(unreach-call)	275.121847061	229.46148788300343	3177.205760	cloud-23933	TIMEOUT	990.618232998	946.6357238119817	2754.392064	cloud-23980
eca-rers2012/Problem03_label53.yml	true	true	342.415470465	289.6534625089989	3064.770560	cloud-23938	TIMEOUT	990.643250479	936.3832353450125	2990.141440	cloud-23980
eca-rers2012/Problem03_label54.yml	true	true	335.849070788	288.48315190299763	3070.832640	cloud-23980	TIMEOUT	990.611913645	938.5851867479796	2838.810624	cloud-23979
eca-rers2012/Problem03_label55.yml	true	true	393.902445678	340.5241763410013	3066.703872	cloud-23982	TIMEOUT	990.650350559	944.0260627900134	2853.199872	cloud-23979
eca-rers2012/Problem03_label56.yml	true	true	883.634240522	832.3691821999964	3067.662336	cloud-23980	TIMEOUT	990.749662564	930.9600350249966	3446.669312	cloud-23982
eca-rers2012/Problem03_label57.yml	true	true	341.743046491	299.01852322400373	3019.497472	cloud-23980	TIMEOUT	990.59951735	938.4703966099769	2826.170368	cloud-23938
eca-rers2012/Problem03_label58.yml	true	true	381.735272466	328.73792601699824	3389.214720	cloud-23933	TIMEOUT	990.532759603	941.1399983110023	2810.155008	cloud-23982
eca-rers2012/Problem06_label08.yml	true	OUT OF MEMORY	462.534069498	372.3101717219979	15000.039424	cloud-23982	TIMEOUT	991.941550665	904.0955629500095	14975.000576	cloud-23980
eca-rers2012/Problem06_label27.yml	false	OUT OF MEMORY	494.156817673	403.02788736499497	15000.035328	cloud-23938	TIMEOUT	911.783267873	818.8982834540075	15000.035328	cloud-23933
eca-rers2012/Problem06_label30.yml	true	OUT OF MEMORY	497.940732525	417.49706980600604	15000.035328	cloud-23980	TIMEOUT	991.76473222	905.6988240349747	14932.779008	cloud-23982
eca-rers2012/Problem06_label34.yml	true	OUT OF MEMORY	359.169115468	307.66942091300734	15000.039424	cloud-23938	TIMEOUT	992.047767933	898.2720858810062	14704.037888	cloud-23982
eca-rers2012/Problem06_label44.yml	false	OUT OF MEMORY	381.10425632	329.41438806199585	15000.039424	cloud-23933	TIMEOUT	991.698299441	908.734625498997	14956.216320	cloud-23979
eca-rers2012/Problem06_label45.yml	true	OUT OF MEMORY	318.87024734	257.05117893998977	15000.039424	cloud-23933	TIMEOUT	991.652333091	906.1281988830015	14928.117760	cloud-23980
eca-rers2012/Problem06_label54.yml	true	OUT OF MEMORY	512.396126818	429.05247047299054	15000.047616	cloud-23933	TIMEOUT	983.276609478	892.5598399789887	15000.043520	cloud-23979
eca-rers2012/Problem10_label00.yml	true	TIMEOUT	992.240774718	890.6422285279987	2227.281920	cloud-23979	true	91.855420674	61.40141276299255	1372.807168	cloud-23982
eca-rers2012/Problem10_label01.yml	true	TIMEOUT	991.051500118	810.3648344079993	2519.359488	cloud-23979	true	126.686372792	99.49675368299359	1467.437056	cloud-23979
eca-rers2012/Problem10_label02.yml	true	TIMEOUT	990.886928098	930.3805291089957	2284.142592	cloud-23980	true	160.830615889	125.58089012699202	1322.754048	cloud-23982
eca-rers2012/Problem10_label03.yml	true	TIMEOUT	990.599635259	868.2040050720097	2347.864064	cloud-23980	true	81.957458991	53.69093438301934	1523.859456	cloud-23938
eca-rers2012/Problem10_label04.yml	true	TIMEOUT	991.688176349	869.3909507549979	2530.197504	cloud-23982	true	80.965002505	53.0236412009981	1506.361344	cloud-23938
eca-rers2012/Problem10_label05.yml	true	TIMEOUT	992.307857787	925.5865717699926	1989.984256	cloud-23938	true	77.89846121	50.31913288301439	1502.646272	cloud-23980
eca-rers2012/Problem10_label06.yml	true	TIMEOUT	990.800324166	933.9351703580032	2213.203968	cloud-23933	true	76.524013098	49.44604259199696	1489.682432	cloud-23982
eca-rers2012/Problem10_label11.yml	true	TIMEOUT	992.291350826	886.4095313730068	2431.795200	cloud-23938	true	110.610899899	77.82488082299824	1524.920320	cloud-23982
eca-rers2012/Problem10_label13.yml	true	TIMEOUT	991.27705924	866.2410965949966	2406.834176	cloud-23979	true	120.384465382	92.71856844099239	1333.985280	cloud-23933
eca-rers2012/Problem10_label14.yml	true	TIMEOUT	990.984299314	917.9596733970102	2332.459008	cloud-23982	true	96.429001305	65.58177099999739	1470.590976	cloud-23938
eca-rers2012/Problem10_label15.yml	false	TIMEOUT	990.743188771	933.3833030070091	2042.929152	cloud-23938	false(unreach-call)	148.096682577	121.77478263998637	1434.644480	cloud-23943
eca-rers2012/Problem10_label16.yml	true	TIMEOUT	990.911961416	935.6224597649998	2050.662400	cloud-23938	true	131.687698787	101.83453888900112	1309.319168	cloud-23979
eca-rers2012/Problem10_label17.yml	true	TIMEOUT	990.908108144	889.7532414419984	2240.512000	cloud-23980	true	146.666422916	115.42620939199696	1454.198784	cloud-23982
eca-rers2012/Problem10_label18.yml	true	TIMEOUT	990.681452384	936.6976955999999	2207.723520	cloud-23980	true	156.551448178	121.23001562198624	1638.793216	cloud-23938
eca-rers2012/Problem10_label19.yml	true	TIMEOUT	990.69912832	934.0469895529968	2264.141824	cloud-23979	true	69.858382488	45.8680945019878	1554.567168	cloud-23979
eca-rers2012/Problem10_label20.yml	true	TIMEOUT	991.910789546	882.7504286770127	2336.296960	cloud-23933	true	86.755994147	59.55071889801184	1578.586112	cloud-23982
eca-rers2012/Problem10_label21.yml	true	TIMEOUT	991.050199692	906.4687820679974	2485.702656	cloud-23938	true	161.80182372	125.12053757702233	1474.555904	cloud-23982
eca-rers2012/Problem10_label22.yml	true	TIMEOUT	990.640890201	927.2614107249974	2168.504320	cloud-23933	true	147.935668931	117.69331826799316	1258.868736	cloud-23979
eca-rers2012/Problem10_label23.yml	true	TIMEOUT	990.568611186	879.0752076730132	2352.615424	cloud-23982	true	97.719303905	63.90987865900388	1372.102656	cloud-23982
eca-rers2012/Problem10_label24.yml	false	TIMEOUT	990.590563498	920.2910504780011	1944.625152	cloud-23979	false(unreach-call)	91.801051246	62.35118616500404	1598.341120	cloud-23980
eca-rers2012/Problem10_label25.yml	true	TIMEOUT	990.3086696	828.4097551559971	2288.336896	cloud-23982	true	172.535266122	137.13356081201346	1680.936960	cloud-23938
eca-rers2012/Problem10_label26.yml	false	TIMEOUT	990.485010146	942.7587020120118	1771.933696	cloud-23982	false(unreach-call)	77.280786133	54.160351610014914	1574.252544	cloud-23944
eca-rers2012/Problem10_label27.yml	true	TIMEOUT	992.265066822	887.5254289919976	2482.655232	cloud-23980	true	92.332596639	65.35121837398037	1516.773376	cloud-23980
eca-rers2012/Problem10_label28.yml	false	false(unreach-call)	345.186846183	296.3036394340015	1720.127488	cloud-23982	TIMEOUT	990.386615148	962.7148251000035	1915.080704	cloud-23940
eca-rers2012/Problem10_label29.yml	false	false(unreach-call)	152.679818425	112.81828060599219	1693.753344	cloud-23980	TIMEOUT	990.47417022	958.6565543659963	1527.324672	cloud-23933
eca-rers2012/Problem10_label30.yml	true	TIMEOUT	990.793487975	828.9744641610014	2266.234880	cloud-23979	true	96.943669925	65.66769333402044	1356.091392	cloud-23933
eca-rers2012/Problem10_label31.yml	true	TIMEOUT	992.296071926	914.3883002470102	2493.308928	cloud-23979	true	110.436138	75.19656957298866	1331.990528	cloud-23938
eca-rers2012/Problem10_label32.yml	true	TIMEOUT	990.831661952	917.8130800490035	2007.085056	cloud-23982	true	138.466437836	107.76150259599672	1407.766528	cloud-23980
eca-rers2012/Problem10_label33.yml	true	TIMEOUT	991.075024764	878.3718377350015	2250.104832	cloud-23980	true	145.443395615	110.08619007599191	1415.872512	cloud-23938
eca-rers2012/Problem10_label34.yml	true	TIMEOUT	990.63244388	849.2533735510078	2425.782272	cloud-23980	true	88.294842607	62.28640320300474	1397.575680	cloud-23933
eca-rers2012/Problem10_label35.yml	true	TIMEOUT	990.33479709	901.2377702090016	2406.629376	cloud-23938	true	143.524571755	114.0462069149944	1421.348864	cloud-23980
eca-rers2012/Problem10_label36.yml	true	TIMEOUT	990.764745715	901.108626250003	2485.157888	cloud-23980	true	155.966472689	118.82431786300731	1461.018624	cloud-23938
eca-rers2012/Problem10_label37.yml	true	TIMEOUT	990.882433029	929.8731307569979	2041.638912	cloud-23982	true	131.136770971	99.94163711401052	1546.489856	cloud-23979
eca-rers2012/Problem10_label38.yml	true	TIMEOUT	990.388305942	925.9044908320066	2262.405120	cloud-23980	true	106.451858807	84.28800179599784	1310.810112	cloud-23944
eca-rers2012/Problem10_label39.yml	true	TIMEOUT	990.62729647	931.964716552	2402.578432	cloud-23979	true	78.351142832	51.423209444008535	1536.958464	cloud-23938
eca-rers2012/Problem10_label44.yml	true	TIMEOUT	991.107219898	869.5118186489999	2508.619776	cloud-23979	true	149.635400291	120.05548381898552	1491.996672	cloud-23982
eca-rers2012/Problem10_label47.yml	false	TIMEOUT	990.566405029	947.8670582579944	1746.415616	cloud-23938	false(unreach-call)	84.895040517	58.06074157799594	1363.480576	cloud-23979
eca-rers2012/Problem10_label51.yml	true	TIMEOUT	990.459481752	951.7961154400109	1564.405760	cloud-23982	true	94.904808648	65.75380382701405	1470.971904	cloud-23980
eca-rers2012/Problem10_label52.yml	true	TIMEOUT	990.662678189	936.2949869669974	2175.012864	cloud-23982	true	136.271297979	101.58064869602094	1448.742912	cloud-23938
eca-rers2012/Problem10_label53.yml	true	TIMEOUT	992.316918722	863.2151564670057	2519.031808	cloud-23982	true	130.539654734	101.05725434501073	1384.407040	cloud-23980
eca-rers2012/Problem10_label54.yml	true	TIMEOUT	990.778997194	930.127977215001	2378.563584	cloud-23982	true	95.419809206	65.74665537499823	1748.242432	cloud-23979
eca-rers2012/Problem10_label55.yml	false	TIMEOUT	990.457425024	946.7342728630028	1735.827456	cloud-23933	false(unreach-call)	146.310025845	112.44461569999112	1359.855616	cloud-23933
eca-rers2012/Problem10_label57.yml	false	TIMEOUT	990.553721039	935.6736566299951	2086.596608	cloud-23979	false(unreach-call)	86.428675367	57.90822474300512	1504.735232	cloud-23980
eca-rers2012/Problem10_label58.yml	false	TIMEOUT	990.683080156	907.383985612003	2360.274944	cloud-23979	false(unreach-call)	80.562515048	54.53850070599583	1660.829696	cloud-23980
eca-rers2012/Problem11_label00.yml	false	false(unreach-call)	289.102862169	233.32485972299764	2547.118080	cloud-23938	TIMEOUT	990.622378037	952.1808853399998	2343.870464	cloud-23982
eca-rers2012/Problem11_label01.yml	true	TIMEOUT	990.921055212	701.3525635120022	2861.113344	cloud-23979	true	345.874852568	297.18960001697997	2373.201920	cloud-23938
eca-rers2012/Problem11_label04.yml	true	TIMEOUT	990.573078254	690.0710733649903	2758.582272	cloud-23938	true	223.874959374	185.83963026700076	2388.267008	cloud-23939
eca-rers2012/Problem11_label07.yml	true	TIMEOUT	992.543690588	767.5138648200082	2835.984384	cloud-23982	true	194.959329346	155.8183672360028	2439.798784	cloud-23979
eca-rers2012/Problem11_label08.yml	false	false(unreach-call)	397.972340589	326.5377721620025	2867.195904	cloud-23938	TIMEOUT	990.498485197	954.0598902329803	2524.975104	cloud-23982
eca-rers2012/Problem11_label10.yml	true	TIMEOUT	992.433824054	705.0590425650007	2935.750656	cloud-23982	true	328.257959832	285.50916771998163	2384.486400	cloud-23979
eca-rers2012/Problem11_label12.yml	true	TIMEOUT	992.407135754	710.0442042270006	2719.805440	cloud-23982	true	241.531143562	195.2296607750177	2320.879616	cloud-23938
eca-rers2012/Problem11_label17.yml	true	TIMEOUT	992.411746493	751.7902175139898	2734.538752	cloud-23980	true	322.484668615	279.4858147900086	2327.822336	cloud-23933
eca-rers2012/Problem11_label20.yml	false	false(unreach-call)	168.630158353	124.89501785099856	2364.895232	cloud-23979	TIMEOUT	990.635378134	944.6319349400001	2580.107264	cloud-23982
eca-rers2012/Problem11_label27.yml	true	TIMEOUT	991.717818304	736.1271890439966	2698.821632	cloud-23980	true	179.999761991	140.05133113701595	2326.712320	cloud-23979
eca-rers2012/Problem11_label29.yml	false	false(unreach-call)	270.391759787	218.4198411969992	2908.094464	cloud-23933	TIMEOUT	990.625653383	951.7276944380137	2329.690112	cloud-23979
eca-rers2012/Problem11_label32.yml	true	TIMEOUT	990.762385964	698.7953800130053	2749.292544	cloud-23980	true	243.605119284	202.8880202069995	2210.123776	cloud-23980
eca-rers2012/Problem11_label35.yml	true	TIMEOUT	991.423080284	751.5685800539941	2749.665280	cloud-23982	true	272.737854389	231.2004500150215	2447.839232	cloud-23980
eca-rers2012/Problem11_label37.yml	true	TIMEOUT	992.271476031	757.1141959730012	2759.004160	cloud-23980	true	307.11254793	261.05278129302314	2345.684992	cloud-23979
eca-rers2012/Problem11_label39.yml	false	false(unreach-call)	378.706119447	308.54987401200924	2953.420800	cloud-23938	TIMEOUT	990.590102593	947.9231647569977	2863.280128	cloud-23933
eca-rers2012/Problem11_label42.yml	false	false(unreach-call)	206.680858401	151.43517856000108	2569.342976	cloud-23938	TIMEOUT	990.656810769	941.2255935349967	2531.819520	cloud-23982
eca-rers2012/Problem11_label43.yml	false	false(unreach-call)	177.813716685	132.10160629599704	2526.859264	cloud-23933	TIMEOUT	990.531166237	948.7128947080055	2304.557056	cloud-23979
eca-rers2012/Problem11_label44.yml	true	TIMEOUT	992.371416874	696.19541453899	2751.340544	cloud-23933	true	266.747732839	234.40808822697727	2282.872832	cloud-23944
eca-rers2012/Problem11_label49.yml	false	false(unreach-call)	198.019918926	152.3116145360109	2382.635008	cloud-23980	TIMEOUT	990.678739328	945.1020140599867	2650.738688	cloud-23982
eca-rers2012/Problem11_label51.yml	false	false(unreach-call)	213.07579367	158.18767498299712	2473.816064	cloud-23982	TIMEOUT	990.551114108	949.4772454669874	2421.866496	cloud-23933
eca-rers2012/Problem11_label55.yml	true	TIMEOUT	991.587762552	755.3798712790012	2741.719040	cloud-23982	true	645.766720804	600.3818671019981	2312.429568	cloud-23979
eca-rers2012/Problem14_label00.yml	true	TIMEOUT	990.580805067	942.503486955	2048.876544	cloud-23980	true	178.737097795	143.2365802830027	1695.752192	cloud-23979
eca-rers2012/Problem14_label01.yml	true	TIMEOUT	990.595380099	947.265492696999	1898.848256	cloud-23979	true	265.97413034	227.0194283570163	1657.970688	cloud-23982
eca-rers2012/Problem14_label02.yml	false	false(unreach-call)	175.466552687	125.57215181399079	1997.987840	cloud-23982	TIMEOUT	990.525035319	946.1841068450012	1650.339840	cloud-23938
eca-rers2012/Problem14_label03.yml	true	TIMEOUT	990.641982331	941.4973694009968	1633.308672	cloud-23982	true	251.127468014	216.8394448889885	1670.602752	cloud-23980
eca-rers2012/Problem14_label05.yml	true	TIMEOUT	990.460296771	948.4565169370035	1604.767744	cloud-23938	true	262.191420352	227.57650824799202	1574.440960	cloud-23979
eca-rers2012/Problem14_label06.yml	true	TIMEOUT	990.517643143	947.0809513909917	1872.678912	cloud-23982	true	176.187347096	143.28271861499525	1545.764864	cloud-23979
eca-rers2012/Problem14_label07.yml	true	TIMEOUT	990.492897572	954.2109572889894	1621.032960	cloud-23938	true	230.37507163	195.76365655800328	1574.608896	cloud-23980
eca-rers2012/Problem14_label10.yml	false	TIMEOUT	991.941451356	911.2175748000009	2558.263296	cloud-23933	false(unreach-call)	638.405851521	589.7120828599727	2173.022208	cloud-23982
eca-rers2012/Problem14_label11.yml	false	TIMEOUT	990.575504179	942.1015510860016	2124.713984	cloud-23979	false(unreach-call)	275.854473222	236.09051110298606	2055.241728	cloud-23980
eca-rers2012/Problem14_label12.yml	false	false(unreach-call)	174.574499375	129.53891722200206	2100.056064	cloud-23979	TIMEOUT	990.483752672	951.6917392169998	1740.365824	cloud-23980
eca-rers2012/Problem14_label15.yml	true	TIMEOUT	990.583539731	914.5069568100007	2730.528768	cloud-23933	true	196.330498192	162.27766665199306	1424.687104	cloud-23933
eca-rers2012/Problem14_label16.yml	true	TIMEOUT	990.647116103	933.7380272719893	1917.349888	cloud-23933	true	210.442578224	173.52461457601748	1474.101248	cloud-23933
eca-rers2012/Problem14_label17.yml	true	TIMEOUT	990.957503697	935.4782714199973	2492.919808	cloud-23938	true	232.840828502	195.0599564560107	1446.031360	cloud-23982
eca-rers2012/Problem14_label18.yml	false	TIMEOUT	990.720906864	935.7813999950013	2149.859328	cloud-23938	false(unreach-call)	410.736119544	364.4334132859949	2067.673088	cloud-23938
eca-rers2012/Problem14_label19.yml	true	TIMEOUT	990.565094824	940.7795709109923	1706.827776	cloud-23938	true	121.700364643	95.58245788799832	1754.341376	cloud-23980
eca-rers2012/Problem14_label20.yml	true	TIMEOUT	990.477546654	953.254807594989	1726.492672	cloud-23938	true	118.74786907	89.43021700301324	1634.004992	cloud-23979
eca-rers2012/Problem14_label21.yml	true	TIMEOUT	990.620813077	940.2460447440099	1768.648704	cloud-23982	true	143.858449182	108.9614076030266	1587.150848	cloud-23938
eca-rers2012/Problem14_label23.yml	true	TIMEOUT	990.471744102	948.9623746680008	1794.359296	cloud-23933	true	138.943258684	106.27968546497868	1573.789696	cloud-23982
eca-rers2012/Problem14_label24.yml	true	TIMEOUT	990.570890862	949.619155990993	1508.327424	cloud-23938	true	202.389091438	170.54861620700103	1711.607808	cloud-23980
eca-rers2012/Problem14_label25.yml	true	TIMEOUT	990.662885396	943.9877768550068	2108.297216	cloud-23933	true	152.668942077	116.59191794600338	1410.179072	cloud-23982
eca-rers2012/Problem14_label26.yml	true	TIMEOUT	990.422972198	961.9200919880095	1686.536192	cloud-23980	true	183.337931264	148.58564298201236	1497.948160	cloud-23979
eca-rers2012/Problem14_label27.yml	false	false(unreach-call)	136.950178706	93.75161456999194	1910.861824	cloud-23982	TIMEOUT	990.38834077	948.4449241469847	1536.106496	cloud-23982
eca-rers2012/Problem14_label30.yml	true	TIMEOUT	990.646029779	936.6503184040048	1802.821632	cloud-23938	true	155.539403199	123.4503858560056	1666.441216	cloud-23982
eca-rers2012/Problem14_label32.yml	true	TIMEOUT	990.702648076	943.3631720819976	1932.197888	cloud-23933	true	168.800985012	136.81539158997475	1578.397696	cloud-23979
eca-rers2012/Problem14_label33.yml	true	TIMEOUT	990.517261865	937.1819949549972	1650.987008	cloud-23938	true	166.496461363	134.87706252300995	1515.458560	cloud-23933
eca-rers2012/Problem14_label34.yml	false	TIMEOUT	990.690250797	930.804255274008	2388.606976	cloud-23933	false(unreach-call)	216.191886868	188.13827785500325	1947.422720	cloud-23944
eca-rers2012/Problem14_label35.yml	true	TIMEOUT	990.841540764	917.0776542620006	2538.659840	cloud-23938	true	166.450669621	138.32188823400065	1440.313344	cloud-23939
eca-rers2012/Problem14_label36.yml	true	TIMEOUT	990.572421067	939.3199259039975	2265.161728	cloud-23979	true	226.521054518	188.25552732299548	1543.507968	cloud-23980
eca-rers2012/Problem14_label37.yml	false	TIMEOUT	990.651767193	935.572351588009	2472.955904	cloud-23933	false(unreach-call)	400.322678381	358.40157077100594	2143.113216	cloud-23980
eca-rers2012/Problem14_label38.yml	true	TIMEOUT	990.837034864	948.2089764669945	2203.586560	cloud-23979	true	233.810959718	191.838363191986	1453.494272	cloud-23982
eca-rers2012/Problem14_label42.yml	true	TIMEOUT	990.668119768	945.2993459639983	2033.950720	cloud-23980	true	151.205723817	120.261012870993	1517.469696	cloud-23980
eca-rers2012/Problem14_label47.yml	true	TIMEOUT	990.614394769	944.6210403500008	2086.887424	cloud-23979	true	193.645233796	162.02729816301144	1489.371136	cloud-23979
eca-rers2012/Problem14_label49.yml	true	TIMEOUT	990.56696777	952.9511765030038	1715.957760	cloud-23938	true	223.197927562	187.52796328999102	1554.616320	cloud-23933
eca-rers2012/Problem14_label50.yml	true	TIMEOUT	990.636300972	940.1323647509998	2278.391808	cloud-23979	true	673.712147924	628.5858708120068	1596.657664	cloud-23938
eca-rers2012/Problem14_label52.yml	false	TIMEOUT	991.028059935	909.0062058649928	2616.721408	cloud-23938	false(unreach-call)	312.006384422	271.81609542897786	2102.960128	cloud-23979
eca-rers2012/Problem14_label55.yml	true	TIMEOUT	990.650353885	939.5557309659926	1960.792064	cloud-23933	true	683.065276411	644.482850432978	1496.223744	cloud-23980
eca-rers2012/Problem14_label58.yml	false	false(unreach-call)	114.08638164	78.36939474398969	2205.954048	cloud-23979	TIMEOUT	990.468646169	952.0427257660194	1508.458496	cloud-23979
eca-rers2012/Problem14_label59.yml	true	TIMEOUT	990.532409452	948.5417101829953	1812.725760	cloud-23933	true	177.67871114	143.53546322701732	1557.245952	cloud-23979
eca-rers2012/Problem15_label00.yml	false	false(unreach-call)	386.602550802	323.08095572200546	4716.544000	cloud-23933	TIMEOUT	990.853229146	927.6567655800027	4622.065664	cloud-23938
eca-rers2012/Problem15_label07.yml	false	false(unreach-call)	485.189719023	400.3848913080001	3812.704256	cloud-23933	TIMEOUT	990.814296662	920.574570908997	3907.801088	cloud-23982
eca-rers2012/Problem15_label09.yml	false	false(unreach-call)	377.863465013	312.58782165400044	3561.553920	cloud-23938	TIMEOUT	990.75594707	933.642629103997	4159.209472	cloud-23980
eca-rers2012/Problem15_label18.yml	false	TIMEOUT	990.91929304	927.1020144420036	3805.966336	cloud-23938	false(unreach-call)	374.488588563	313.8033421340224	4422.955008	cloud-23938
eca-rers2012/Problem15_label23.yml	false	false(unreach-call)	536.787956788	433.6051527230011	3754.754048	cloud-23979	TIMEOUT	990.821863298	931.2807293639926	3689.721856	cloud-23979
eca-rers2012/Problem15_label25.yml	false	false(unreach-call)	607.28099265	519.9454977139976	4038.762496	cloud-23980	TIMEOUT	991.525722378	911.4188140369952	3790.123008	cloud-23982
eca-rers2012/Problem15_label28.yml	true	TIMEOUT	991.591877097	640.1790230129991	4659.527680	cloud-23933	true	819.604902234	760.0327652929991	4202.438656	cloud-23979
eca-rers2012/Problem15_label38.yml	false	TIMEOUT	990.586502419	947.5764761389873	4477.722624	cloud-23940	false(unreach-call)	874.935037412	805.3319258659903	3934.638080	cloud-23938
eca-rers2012/Problem15_label39.yml	false	false(unreach-call)	473.426207391	400.56249111400393	4708.450304	cloud-23982	TIMEOUT	990.729980935	951.4251770570118	4356.759552	cloud-23980
eca-rers2012/Problem15_label41.yml	false	false(unreach-call)	406.953047511	344.9551106380095	4359.847936	cloud-23938	TIMEOUT	990.769579995	934.1203655120044	3659.681792	cloud-23979
eca-rers2012/Problem16_label09.yml	true	TIMEOUT	992.4820778	783.3856475380016	4126.982144	cloud-23982	true	458.344245694	404.3525117720128	3399.888896	cloud-23938
eca-rers2012/Problem16_label10.yml	true	TIMEOUT	992.487589099	817.4594468009891	3418.038272	cloud-23933	true	480.235104348	423.74902384600136	3586.465792	cloud-23982
eca-rers2012/Problem16_label11.yml	true	TIMEOUT	992.425622463	744.1769602740096	3307.446272	cloud-23979	true	429.103219726	379.5774811420124	2803.310592	cloud-23933
eca-rers2012/Problem16_label12.yml	true	TIMEOUT	990.700584362	746.8565843569959	3533.123584	cloud-23979	true	488.213341353	434.25772840701393	3676.413952	cloud-23938
eca-rers2012/Problem16_label23.yml	true	true	425.547305763	376.7175434630044	3742.928896	cloud-23980	TIMEOUT	990.895643789	932.984176359023	3543.552000	cloud-23980
eca-rers2012/Problem16_label24.yml	true	true	421.473105198	364.12474717298755	3128.799232	cloud-23938	TIMEOUT	990.630656769	938.0263317869976	3016.564736	cloud-23980
eca-rers2012/Problem16_label25.yml	true	true	384.97070535	339.24476297499496	3756.560384	cloud-23980	TIMEOUT	990.838371288	935.6318469579855	3970.568192	cloud-23980
eca-rers2012/Problem16_label26.yml	true	true	412.32034375	359.29262140499486	2981.101568	cloud-23933	TIMEOUT	990.908476327	936.4471682480071	3649.019904	cloud-23980
eca-rers2012/Problem16_label36.yml	true	TIMEOUT	991.332522971	828.1473403159907	4211.630080	cloud-23938	TIMEOUT (true)	959.873255543	906.8143464890018	3239.378944	cloud-23933
eca-rers2012/Problem16_label49.yml	true	true	338.340210563	289.7955402529915	2732.691456	cloud-23938	TIMEOUT	990.822857213	944.2539042069984	3515.826176	cloud-23979
eca-rers2012/Problem16_label59.yml	true	TIMEOUT	991.243483875	716.5421244070021	3499.835392	cloud-23938	true	657.278022055	595.3510115340177	3769.434112	cloud-23938
eca-rers2012/Problem17_label16.yml	false	false(unreach-call)	581.595095859	512.4642699469987	4564.353024	cloud-23938	TIMEOUT	991.091318747	929.2590561169782	5648.711680	cloud-23938
eca-rers2012/Problem17_label30.yml	false	false(unreach-call)	536.072282524	469.45014507800806	4314.628096	cloud-23982	TIMEOUT	990.977107253	928.8004068640003	5107.728384	cloud-23938
eca-rers2012/Problem17_label40.yml	false	false(unreach-call)	653.898659827	577.2362929299998	4626.264064	cloud-23982	TIMEOUT	991.021873754	933.8993263999873	4332.687360	cloud-23982
eca-rers2012/Problem17_label53.yml	false	false(unreach-call)	462.235185161	403.52215907700884	4448.247808	cloud-23979	TIMEOUT	990.80421146	940.1584400479915	4410.658816	cloud-23979
eca-rers2012/Problem18_label01.yml	false	TIMEOUT (false(unreach-call))	931.646368204	830.1852272619872	5133.688832	cloud-23979	TIMEOUT	991.021045149	915.1199112549948	4782.665728	cloud-23980
eca-rers2012/Problem18_label12.yml	false	TIMEOUT (false(unreach-call))	900.357510389	814.9303918700025	6424.059904	cloud-23980	TIMEOUT	990.932866836	915.293803041015	4722.253824	cloud-23980
eca-rers2012/Problem18_label38.yml	false	false(unreach-call)	877.309028938	784.0383003399911	5709.172736	cloud-23979	TIMEOUT	990.823883812	889.9196071200131	5343.457280	cloud-23979
eca-rers2012/Problem18_label52.yml	false	false(unreach-call)	842.085576251	770.1892725340003	5324.234752	cloud-23980	TIMEOUT	991.188877618	917.2141354249907	6147.461120	cloud-23982
eca-rers2012/Problem19_label09.yml	true	OUT OF MEMORY	886.584227754	517.3384623989987	15000.166400	cloud-23939	TIMEOUT	992.630683173	657.4189618060191	13693.235200	cloud-23982
eca-rers2012/Problem19_label11.yml	false	TIMEOUT	991.58432611	583.2939667419996	12923.703296	cloud-23982	OUT OF MEMORY	310.789116676	219.68229425599566	15000.166400	cloud-23942
eca-rers2012/Problem19_label17.yml	false	OUT OF MEMORY	407.335415706	290.2537826350017	15000.047616	cloud-23938	TIMEOUT	991.987549288	663.207766868989	14038.020096	cloud-23938
eca-rers2012/Problem19_label21.yml	false	OUT OF MEMORY	321.676026489	218.59125621899148	15000.162304	cloud-23942	TIMEOUT	992.742922562	633.6001680689806	13794.160640	cloud-23939
eca-rers2012/Problem19_label22.yml	false	OUT OF MEMORY	482.968686026	340.6753858590091	15000.039424	cloud-23938	TIMEOUT	991.578200421	628.8848423630116	13710.143488	cloud-23940
eca-rers2012/Problem19_label26.yml	false	TIMEOUT	991.609635177	579.5751937709865	13755.224064	cloud-23979	OUT OF MEMORY	309.490134861	220.27796592001687	15000.043520	cloud-23933
eca-rers2012/Problem19_label28.yml	false	TIMEOUT	991.371734865	590.5856757190195	13724.659712	cloud-23980	OUT OF MEMORY	336.321035214	234.79035739801475	15000.039424	cloud-23938
eca-rers2012/Problem19_label34.yml	true	OUT OF MEMORY	484.612380042	340.07409288498457	15000.043520	cloud-23980	TIMEOUT	991.46867602	670.812226915994	13707.489280	cloud-23980
eca-rers2012/Problem19_label39.yml	true	TIMEOUT	992.528951286	593.7897369910206	14615.322624	cloud-23979	OUT OF MEMORY	340.692417892	239.7951605709968	15000.170496	cloud-23939
eca-rers2012/Problem19_label40.yml	true	TIMEOUT	991.054149667	582.7271665770095	13713.584128	cloud-23980	OUT OF MEMORY	393.771448569	268.5603316670167	15000.047616	cloud-23982
eca-rers2012/Problem19_label41.yml	false	OUT OF MEMORY	358.424657053	242.77696939799353	15000.174592	cloud-23940	TIMEOUT	992.790092	621.8601994960045	13708.140544	cloud-23979
eca-rers2012/Problem19_label47.yml	false	TIMEOUT	991.298431786	594.9126300589996	14078.152704	cloud-23982	OUT OF MEMORY	358.167436851	254.6960209660174	15000.043520	cloud-23938
eca-rers2018/Problem11.yml	false	TIMEOUT	990.780965213	923.0781637610053	2930.593792	cloud-23933	ERROR (solver error, after parsing finished)	685.714627669	620.5844401089998	2516.156416	cloud-23982
psyco/psyco_abp_1-3.yml	true	TIMEOUT	990.520825207	946.7534763290023	850.911232	cloud-23979	true	98.432620454	76.93522597799893	782.266368	cloud-23979
